"Context","English","Gibberish","French"
"","Shopping List","","Liste de courses"
"","A shopping list from Eco Gnome. Right-click it in your inventory to open it.","","Une liste de courses d'Eco Gnome. Faites un clic droit dessus dans votre inventaire pour l'ouvrir."
"","Shopping list","","Liste de courses"
"","Take the shopping list in your inventory to open it.","","Mettez la liste de courses dans votre inventaire pour l'ouvrir."
"","Shopping lists can't be traded in stores.","","Les listes de courses ne peuvent pas être échangées en magasin."
"","Reload from Eco Gnome","","Recharger depuis Eco Gnome"
"","You have no shopping list on Eco Gnome.","","Vous n'avez aucune liste de courses sur Eco Gnome."
"","Your shopping lists: {0}","","Vos listes de courses : {0}"
"","Shopping list {0} added to your inventory ({1} lines).","","Liste de courses {0} ajoutée à votre inventaire ({1} lignes)."
"","Shopping list {0} updated ({1} lines).","","Liste de courses {0} mise à jour ({1} lignes)."
"","Accepts: {0}","","Accepte : {0}"
"","Lines come from Eco Gnome: change the list on the website, then click Reload from Eco Gnome.","","Les lignes viennent d'Eco Gnome : modifiez la liste sur le site, puis cliquez sur Recharger depuis Eco Gnome."
"","Reset purchases","","Remettre à zéro"
"","Choose a shopping list","","Choisissez une liste de courses"
"","Get a shopping list","","Récupérer une liste de courses"
"","Carry a shopping list with lines left to buy first (Get a shopping list button).","","Prenez d'abord une liste de courses avec des lignes à acheter (bouton Récupérer une liste de courses)."
"","This store has no currency set.","","Ce magasin n'a pas de monnaie."
"","This store sells nothing still needed on this list.","","Ce magasin ne vend rien de ce qui manque sur cette liste."
"","None of your bank accounts holds {0}.","","Aucun de vos comptes ne contient de {0}."
"","Pay with which bank account?","","Payer avec quel compte ?"
"","Buy from {0}:","","Acheter pour {0} :"
"","Total: {0} (taxes not included), paid from {1}.","","Total : {0} (hors taxes), payé depuis {1}."
"","Not enough here: {0}.","","Pas assez ici : {0}."
"","Buy my shopping list","","Acheter ma liste de courses"
"","Sold here only by tag (the store picks the item), buy these yourself: {0}.","","Vendu ici seulement par tag (le magasin choisit l'objet), à acheter vous-même : {0}."
"","{0}: {1}","","{0} : {1}"
"","The whole list can't be bought here: {0}","","Toute la liste ne peut pas être achetée ici : {0}"
"","Buy this shopping list","","Acheter cette liste de courses"
"","{0}: nothing left to buy.","","{0} : plus rien à acheter."
"","<color=#FFD000>This server is not registered on Eco Gnome yet.</color>","","<color=#FFD000>Ce serveur n'est pas encore enregistré sur Eco Gnome.</color>"
"","Eco Gnome calculates your prices from your recipes, skills and talents, then fills this store for you.","","Eco Gnome calcule vos prix à partir de vos recettes, métiers et talents, puis remplit ce magasin pour vous."
"","Register this server on Eco Gnome","","Enregistrer ce serveur sur Eco Gnome"
"","Ask an admin to register this server: they open this tab and click Register this server on Eco Gnome.","","Demandez à un admin d'enregistrer ce serveur : il ouvre cet onglet et clique sur Enregistrer ce serveur sur Eco Gnome."
"","Connect your Eco Gnome account to use your prices and shopping lists here. A page opens in your browser to confirm, no code to copy.","","Connectez votre compte Eco Gnome pour utiliser ici vos prix et vos listes de courses. Une page s'ouvre dans votre navigateur pour confirmer, aucun code à copier."
"","Connect to Eco Gnome","","Se connecter à Eco Gnome"
"","Prepare your purchases on Eco Gnome, then buy the whole list here in one go.","","Préparez vos achats sur Eco Gnome, puis achetez toute la liste ici en une fois."
"","Connected as <color=#B6F06A>{0}</color>, context <color=#FFEF00>{1}</color>","","Connecté en tant que <color=#B6F06A>{0}</color>, contexte <color=#FFEF00>{1}</color>"
"","Prices","","Prix"
"","Update prices from Eco Gnome","","Mettre à jour les prix depuis Eco Gnome"
"","Rebuild offers from Eco Gnome","","Reconstruire les offres depuis Eco Gnome"
"","Send buy prices to Eco Gnome","","Envoyer les prix d'achat à Eco Gnome"
"","Settings","","Réglages"
"","Context: {0}","","Contexte : {0}"
"","default","","par défaut"
"","Open Eco Gnome","","Ouvrir Eco Gnome"
"","Disconnect","","Se déconnecter"
"","Reprice my for-sale objects","","Remettre à prix mes objets en vente"
"","Which of your Eco Gnome contexts should this store use?","","Quel contexte Eco Gnome ce magasin doit-il utiliser ?"
"","You have no context on Eco Gnome yet. Open Eco Gnome once to create it.","","Vous n'avez pas encore de contexte sur Eco Gnome. Ouvrez Eco Gnome une fois pour le créer."
"","Prices updated from Eco Gnome.","","Prix mis à jour depuis Eco Gnome."
"","{0} item(s) have no price in Eco Gnome and can't be traded until one is set: {1}","","{0} objet(s) sans prix dans Eco Gnome, impossibles à échanger tant qu'un prix n'est pas fixé : {1}"
"","Rebuild the offers from your Eco Gnome context?","","Reconstruire les offres depuis votre contexte Eco Gnome ?"
"","+{0} offer(s) added","","+{0} offre(s) ajoutée(s)"
"","-{0} offer(s) removed: {1}","","-{0} offre(s) supprimée(s) : {1}"
"","Categories whose name contains [NS] are left untouched.","","Les catégories dont le nom contient [NS] ne sont pas touchées."
"","Rebuild","","Reconstruire"
"","Offers rebuilt from Eco Gnome: +{0}, -{1}.","","Offres reconstruites depuis Eco Gnome : +{0}, -{1}."
"","This store has no priced buy offer to send.","","Ce magasin n'a aucune offre d'achat avec un prix à envoyer."
"","{0} buy price(s) saved in Eco Gnome.","","{0} prix d'achat enregistré(s) dans Eco Gnome."
"","{0} ignored, no recipe of yours uses them: {1}","","{0} ignoré(s), aucune de vos recettes ne les utilise : {1}"
"","Open Eco Gnome to see your sell prices recalculated.","","Ouvrez Eco Gnome pour voir vos prix de vente recalculés."
"","No for-sale object of yours within {0} blocks of this store.","","Aucun de vos objets en vente à moins de {0} blocs de ce magasin."
"","{0} of {1} for-sale object(s) repriced within {2} blocks.","","{0} objet(s) en vente sur {1} remis à prix dans un rayon de {2} blocs."
"","No price in Eco Gnome, kept their own: {0}","","Pas de prix dans Eco Gnome, gardent le leur : {0}"
"","You're not authorized to do this.","","Vous n'êtes pas autorisé à faire cela."
"","You are not connected to Eco Gnome. Click Connect to Eco Gnome in this tab.","","Vous n'êtes pas connecté à Eco Gnome. Cliquez sur Se connecter à Eco Gnome dans cet onglet."
"","Eco Gnome no longer knows your connection (it was removed on the website). Click Connect to Eco Gnome to connect again.","","Eco Gnome ne connaît plus votre connexion (elle a été supprimée sur le site). Cliquez sur Se connecter à Eco Gnome pour vous reconnecter."
"","Could not reach Eco Gnome: {0}","","Impossible de joindre Eco Gnome : {0}"
"","Only an admin can register this server on Eco Gnome.","","Seul un admin peut enregistrer ce serveur sur Eco Gnome."
"","This server is registered on Eco Gnome ({0}). Players can now connect from the Eco Gnome tab of any store.","","Ce serveur est enregistré sur Eco Gnome ({0}). Les joueurs peuvent maintenant se connecter depuis l'onglet Eco Gnome de n'importe quel magasin."
"","This server is not registered on Eco Gnome yet. Ask an admin to register it.","","Ce serveur n'est pas encore enregistré sur Eco Gnome. Demandez à un admin de l'enregistrer."
"","You are connected to Eco Gnome as {0}.","","Vous êtes connecté à Eco Gnome en tant que {0}."
"","You are disconnected from Eco Gnome. Click Connect to Eco Gnome in the Eco Gnome tab of a store to connect again.","","Vous êtes déconnecté d'Eco Gnome. Cliquez sur Se connecter à Eco Gnome dans l'onglet Eco Gnome d'un magasin pour vous reconnecter."
"","A confirmation is already waiting in your browser.","","Une confirmation attend déjà dans votre navigateur."
"","A page opened in your browser: confirm there. If nothing opened, go to {0}","","Une page s'est ouverte dans votre navigateur : confirmez-y. Si rien ne s'est ouvert, allez sur {0}"
"","Cancelled in the browser: nothing was linked.","","Annulé dans le navigateur : rien n'a été relié."
"","The confirmation expired. Click the button again.","","La confirmation a expiré. Cliquez à nouveau sur le bouton."
"","Connect to Eco Gnome first: Connect to Eco Gnome button in the Eco Gnome tab of a store.","","Connectez-vous d'abord à Eco Gnome : bouton Se connecter à Eco Gnome dans l'onglet Eco Gnome d'un magasin."
"","Advanced settings","","Réglages avancés"
"","Offers synced","","Offres synchronisées"
"","Sync tag offers","","Synchroniser les offres par tag"
"","Group categories by","","Grouper les catégories par"
"","Only these skills","","Seulement ces métiers"
"","For-sale radius","","Rayon des objets en vente"
"","and {0} more","","et {0} de plus"
